City_ID,City,Country,Date,Lat,Lng,Max Temp,Humidity,Cloudiness,Wind Speed
0,Zyryanka,RU,2022-12-31 05:58:50,65.75,150.85,-37.19,100,100,4.85
1,Isangel,VU,2022-12-31 05:58:51,-19.55,169.2667,81.45,82,24,14.25
2,Ponta Do Sol,PT,2022-12-31 05:58:51,32.6667,-17.1,69.01,73,93,6.29
3,Busselton,AU,2022-12-31 05:58:52,-33.65,115.3333,76.32,40,100,15.32
4,Chuy,UY,2022-12-31 05:58:52,-33.6971,-53.4616,68.61,70,4,8.63
5,Harper,LR,2022-12-31 05:58:53,4.375,-7.7169,75.34,90,30,3.85
6,Chicama,PE,2022-12-31 05:58:53,-7.8447,-79.1469,64.94,79,99,4.38
7,Mitsamiouli,KM,2022-12-31 05:58:53,-11.3847,43.2844,86.29,62,40,5.75
8,Lagoa,PT,2022-12-31 05:58:54,39.05,-27.9833,53.42,58,99,29.08
9,Goderich,CA,2022-12-31 05:58:54,43.7501,-81.7165,43.12,93,100,4.61
10,Viransehir,TR,2022-12-31 05:58:54,37.2353,39.7631,43.16,38,0,4.03
11,Bambanglipuro,ID,2022-12-31 05:58:55,-7.95,110.2833,83.1,72,57,4.88
12,Vaini,TO,2022-12-31 05:58:55,-21.2,-175.2,80.76,83,75,2.3
13,Ushuaia,AR,2022-12-31 05:58:56,-54.8,-68.3,40.66,75,0,9.22
14,San Policarpo,PH,2022-12-31 05:58:56,12.1791,125.5072,82.38,73,92,6.26
15,Talnakh,RU,2022-12-31 05:58:56,69.4865,88.3972,-21.5,94,40,6.4
16,Yakima,US,2022-12-31 05:58:57,46.4665,-120.6678,34.56,95,97,3.06
17,Geraldton,AU,2022-12-31 05:58:57,-28.7667,114.6,79.21,50,40,21.85
18,Angoche,MZ,2022-12-31 05:58:57,-16.2325,39.9086,82.44,71,98,4.61
19,Luderitz,NA,2022-12-31 05:58:58,-26.6481,15.1594,68.27,68,0,4.47
20,Mataura,NZ,2022-12-31 05:58:58,-46.1927,168.8643,65.48,50,73,5.82
21,Nikolskoye,RU,2022-12-31 05:58:59,59.7035,30.7861,37.29,93,100,8.79
22,Bergama,TR,2022-12-31 05:58:59,39.1207,27.1805,47.77,87,47,2.55
23,Albany,US,2022-12-31 05:58:44,42.6001,-73.9662,41.88,77,93,3.0
24,Srednekolymsk,RU,2022-12-31 05:59:00,67.45,153.6833,-43.85,100,100,2.8
25,Tecpan,GT,2022-12-31 05:59:00,14.7623,-90.9947,51.62,94,51,1.95
26,Puerto Ayora,EC,2022-12-31 05:59:00,-0.7393,-90.3518,72.55,97,59,1.99
27,Hermanus,ZA,2022-12-31 05:59:01,-34.4187,19.2345,67.8,70,10,16.87
28,East London,ZA,2022-12-31 05:59:01,-33.0153,27.9116,67.14,72,0,3.44
29,Moose Jaw,CA,2022-12-31 05:59:01,50.4001,-105.5344,3.45,92,96,0.0
30,Cabo San Lucas,MX,2022-12-31 05:57:43,22.8909,-109.9124,70.52,74,8,6.31
31,Stornoway,GB,2022-12-31 05:59:02,58.2093,-6.3865,33.76,94,75,5.75
32,Edson,CA,2022-12-31 05:59:02,53.5835,-116.4356,10.54,100,75,5.75
33,Zhanakorgan,KZ,2022-12-31 05:59:03,43.9098,67.2495,30.45,74,87,10.09
34,Bosaso,SO,2022-12-31 05:59:03,11.2842,49.1816,75.18,88,100,20.71
35,Qaanaaq,GL,2022-12-31 05:59:04,77.484,-69.3632,-21.24,60,30,7.45
36,Fortuna,US,2022-12-31 05:59:04,40.5982,-124.1573,56.35,95,100,0.0
37,Bredasdorp,ZA,2022-12-31 05:59:05,-34.5322,20.0403,67.78,62,78,14.63
38,Vanimo,PG,2022-12-31 05:59:05,-2.6741,141.3028,82.74,76,95,11.36
39,Rikitea,PF,2022-12-31 05:59:06,-23.1203,-134.9692,78.17,69,69,4.0
40,Hilo,US,2022-12-31 05:59:06,19.7297,-155.09,72.25,92,100,3.44
41,Sur,OM,2022-12-31 05:59:07,22.5667,59.5289,73.35,43,0,7.45
42,Yar-Sale,RU,2022-12-31 05:59:07,66.8333,70.8333,-25.96,100,73,5.01
43,Victoria,HK,2022-12-31 05:59:00,22.2855,114.1577,69.21,62,4,11.99
44,Dinar,TR,2022-12-31 05:59:08,38.065,30.1656,33.76,73,14,1.97
45,Oranjestad,AW,2022-12-31 06:00:08,12.524,-70.027,77.92,90,1,4.0
46,Castro,BR,2022-12-31 06:00:10,-24.7911,-50.0119,58.59,97,12,3.06
47,Naryan-Mar,RU,2022-12-31 06:00:10,67.6713,53.087,0.1,90,42,12.84
48,Show Low,US,2022-12-31 06:00:11,34.2542,-110.0298,38.08,94,100,24.16
49,Iqaluit,CA,2022-12-31 06:00:12,63.7506,-68.5145,-10.35,81,100,6.53
50,Bartlesville,US,2022-12-31 05:57:37,36.7473,-95.9808,40.1,85,100,5.64
51,Macamic,CA,2022-12-31 06:00:14,48.7502,-78.9996,31.64,94,100,6.46
52,Torbay,CA,2022-12-31 06:00:14,47.6666,-52.7314,30.76,86,71,5.01
53,Ligayan,PH,2022-12-31 06:00:15,4.6533,119.4706,80.19,75,97,4.03
54,Pirawa,IN,2022-12-31 06:00:16,24.1551,76.0273,69.44,27,0,8.79
55,Savannah Bight,HN,2022-12-31 06:00:17,16.45,-85.85,79.95,80,5,24.07
56,Cidreira,BR,2022-12-31 06:00:17,-30.1811,-50.2056,69.85,93,0,9.82
57,Bluff,NZ,2022-12-31 06:00:18,-46.6,168.3333,56.39,62,87,15.84
58,Yulara,AU,2022-12-31 06:00:19,-25.2406,130.9889,97.25,23,81,14.58
59,Bambous Virieux,MU,2022-12-31 06:00:19,-20.3428,57.7575,83.21,62,0,5.44
60,Tuktoyaktuk,CA,2022-12-31 06:00:20,69.4541,-133.0374,2.86,96,99,9.89
61,Karratha,AU,2022-12-31 06:00:20,-20.7377,116.8463,94.71,39,65,16.91
62,Mahebourg,MU,2022-12-31 06:00:21,-20.4081,57.7,83.25,63,0,3.89
63,Yellowknife,CA,2022-12-31 05:56:18,62.456,-114.3525,5.52,92,75,11.5
64,Matveyev Kurgan,RU,2022-12-31 06:00:22,47.5645,38.8695,39.83,93,99,7.2
65,Kapaa,US,2022-12-31 06:00:22,22.0752,-159.319,71.58,91,1,7.56
66,Clyde River,CA,2022-12-31 06:00:23,70.4692,-68.5914,-13.65,98,100,4.38
67,Sitka,US,2022-12-31 06:00:24,57.0531,-135.33,39.09,93,100,6.91
68,Avarua,CK,2022-12-31 06:00:25,-21.2078,-159.775,77.13,82,100,9.6
69,Matay,EG,2022-12-31 06:00:25,28.419,30.7792,54.3,82,23,9.26
70,Letovice,CZ,2022-12-31 06:00:26,49.5471,16.5736,40.68,90,100,8.23
71,Plymouth,US,2022-12-31 05:57:10,41.8334,-70.8328,48.87,85,83,9.17
72,Verkhnevilyuysk,RU,2022-12-31 06:00:26,63.4453,120.3167,1.13,94,100,7.76
73,Half Moon Bay,US,2022-12-31 06:00:27,37.4636,-122.4286,62.01,94,100,16.11
74,Kodiak,US,2022-12-31 06:00:28,57.79,-152.4072,38.14,93,100,22.68
75,Hobart,AU,2022-12-31 06:00:09,-42.8794,147.3294,82.27,61,20,18.41
76,Cape Town,ZA,2022-12-31 05:55:36,-33.9258,18.4232,72.12,53,0,13.0
77,Cap Malheureux,MU,2022-12-31 06:00:29,-19.9842,57.6142,83.46,59,0,3.0
78,Remanso,BR,2022-12-31 06:00:30,-9.6179,-42.0831,75.45,63,51,8.39
79,Tazovskiy,RU,2022-12-31 06:00:30,67.4667,78.7,-23.44,94,13,7.38
80,Nobres,BR,2022-12-31 06:00:31,-14.7203,-56.3275,73.56,95,99,3.78
81,Camacha,PT,2022-12-31 06:00:32,33.0833,-16.3333,63.82,88,20,12.66
82,Eureka,US,2022-12-31 06:00:32,40.8021,-124.1637,56.68,97,100,7.0
83,Kyra,RU,2022-12-31 06:00:32,49.5776,111.9753,8.11,71,3,6.78
84,Banjar,ID,2022-12-31 06:00:33,-8.19,114.9675,80.89,88,97,10.45
85,Isla Vista,US,2022-12-31 06:00:33,34.4133,-119.861,60.35,92,100,0.0
86,Haines Junction,CA,2022-12-31 06:00:34,60.7522,-137.5108,5.38,98,100,0.63
87,Leshukonskoye,RU,2022-12-31 06:00:34,64.8989,45.7622,5.92,94,86,8.57
88,Saskylakh,RU,2022-12-31 06:00:35,71.9167,114.0833,2.75,94,100,25.23
89,Taboga,IT,2022-12-31 06:00:35,46.2663,13.1092,49.82,83,100,0.81
90,Bengkulu,ID,2022-12-31 06:00:35,-3.8004,102.2655,82.45,74,98,15.39
91,Punta Arenas,CL,2022-12-31 06:01:36,-53.15,-70.9167,44.11,75,99,4.88
92,Panguna,PG,2022-12-31 06:01:36,-6.3164,155.4848,78.69,63,91,2.66
93,Zdvinsk,RU,2022-12-31 06:01:37,54.7021,78.661,3.9,95,100,3.94
94,Cururupu,BR,2022-12-31 06:01:37,-1.8283,-44.8683,73.8,96,88,2.13
95,Saint-Philippe,RE,2022-12-31 06:01:38,-21.3585,55.7679,81.99,75,50,3.74
96,Coihaique,CL,2022-12-31 05:58:31,-45.5752,-72.0662,54.21,87,75,4.61
97,Barrow,US,2022-12-31 06:01:38,71.2906,-156.7887,1.42,85,100,12.66
98,Caravelas,BR,2022-12-31 06:01:39,-17.7125,-39.2481,72.32,93,25,4.23
99,Port Elizabeth,ZA,2022-12-31 06:01:39,-33.918,25.5701,70.32,68,36,5.01
100,Nanortalik,GL,2022-12-31 06:01:39,60.1432,-45.2371,12.38,83,35,8.79
101,Manakara,MG,2022-12-31 06:01:40,-22.1333,48.0167,83.07,58,0,4.9
102,Atuona,PF,2022-12-31 05:56:56,-9.8,-139.0333,78.21,70,11,18.34
103,Severo-Kurilsk,RU,2022-12-31 06:01:40,50.6789,156.125,25.21,82,70,15.75
104,Hanmer Springs,NZ,2022-12-31 06:01:41,-42.5167,172.8167,61.21,57,19,5.99
105,Fare,PF,2022-12-31 06:01:41,-16.7,-151.0167,81.14,75,56,12.59
106,Hervey Bay,AU,2022-12-31 06:01:42,-25.2986,152.8535,77.38,69,42,19.44
107,Leningradskiy,RU,2022-12-31 06:01:42,69.3833,178.4167,-29.2,96,86,7.45
108,Qeshm,IR,2022-12-31 06:01:43,26.9581,56.2719,66.07,33,91,10.47
109,Carutapera,BR,2022-12-31 06:01:43,-1.195,-46.02,75.56,90,97,3.58
110,Olinda,BR,2022-12-31 06:01:43,-8.0089,-34.8553,80.33,69,40,10.36
111,Hambantota,LK,2022-12-31 06:01:44,6.1241,81.1185,84.54,70,20,12.66
112,Tasiilaq,GL,2022-12-31 06:01:44,65.6145,-37.6368,5.16,58,6,7.7
113,Lorengau,PG,2022-12-31 06:01:45,-2.0226,147.2712,83.17,78,95,8.34
114,Paamiut,GL,2022-12-31 06:01:45,61.994,-49.6678,4.35,83,26,9.46
115,Airai,TL,2022-12-31 06:01:45,-8.9266,125.4092,64.99,84,98,6.22
116,New Norfolk,AU,2022-12-31 06:01:46,-42.7826,147.0587,81.91,36,41,4.0
117,Komsomolskiy,UZ,2022-12-31 06:01:46,40.4272,71.7189,38.12,81,75,0.0
118,Katsuura,JP,2022-12-31 06:01:47,35.1333,140.3,50.09,56,98,4.97
119,Udgir,IN,2022-12-31 06:01:47,18.3833,77.1167,80.17,32,12,2.86
120,Thompson,CA,2022-12-31 05:58:04,55.7435,-97.8558,-12.84,84,75,0.0
121,Port Hardy,CA,2022-12-31 06:01:48,50.6996,-127.4199,42.67,93,100,10.4
122,Sao Filipe,CV,2022-12-31 06:01:48,14.8961,-24.4956,70.7,65,24,4.54
123,Kavieng,PG,2022-12-31 06:01:49,-2.5744,150.7967,83.89,71,88,6.89
124,Zhezkazgan,KZ,2022-12-31 06:01:49,47.8043,67.7144,17.58,86,75,15.66
125,Bad Driburg,DE,2022-12-31 06:01:50,51.7333,9.0167,57.74,89,100,28.99
126,Teguldet,RU,2022-12-31 06:01:50,57.3064,88.1667,7.74,93,100,5.68
127,Jamestown,US,2022-12-31 06:01:50,42.097,-79.2353,46.02,88,100,3.0
128,Sechura,PE,2022-12-31 06:01:51,-5.5569,-80.8222,69.82,78,100,7.05
129,Sweetwater,US,2022-12-31 06:01:51,25.7634,-80.3731,75.97,96,0,4.61
130,Kasongo-Lunda,CD,2022-12-31 06:01:52,-6.4667,16.8167,70.66,97,100,1.83
131,Dryden,CA,2022-12-31 06:01:01,49.7833,-92.7503,-5.4,100,92,2.53
132,Kahului,US,2022-12-31 06:00:06,20.8947,-156.47,73.85,90,28,8.99
133,Tornio,FI,2022-12-31 06:01:52,65.8481,24.1466,32.02,97,100,14.18
134,Zarinsk,RU,2022-12-31 06:01:53,53.7074,84.9493,21.38,95,100,5.32
135,Port Alfred,ZA,2022-12-31 06:01:53,-33.5906,26.891,68.9,70,37,14.05
136,Bethel,US,2022-12-31 06:01:54,41.3712,-73.414,47.91,80,87,4.25
137,Nizhneangarsk,RU,2022-12-31 06:01:54,55.7833,109.55,-4.83,77,6,2.37
138,Qaqortoq,GL,2022-12-31 06:02:55,60.7167,-46.0333,-3.37,74,1,6.26
139,Kochubey,RU,2022-12-31 06:02:55,44.3861,46.5825,37.0,78,86,3.87
140,Faanui,PF,2022-12-31 06:02:55,-16.4833,-151.75,81.07,73,90,10.58
141,Saldanha,ZA,2022-12-31 06:01:18,-33.0117,17.9442,66.27,61,0,11.7
142,Wattegama,LK,2022-12-31 06:02:56,6.7989,81.4808,83.8,53,95,10.18
143,Gwanda,ZW,2022-12-31 06:02:56,-20.9333,29.0,63.39,86,100,8.97
144,Naze,JP,2022-12-31 06:02:57,28.3667,129.4833,58.73,59,34,17.25
145,Butaritari,KI,2022-12-31 06:02:57,3.0707,172.7902,80.94,78,91,14.05
146,Riyadh,SA,2022-12-31 05:58:20,24.6877,46.7219,50.14,85,98,2.53
147,Hithadhoo,MV,2022-12-31 06:02:58,-0.6,73.0833,80.91,70,18,5.91
148,Plattsburgh,US,2022-12-31 06:02:58,44.6995,-73.4529,54.36,87,100,7.92
149,Pacasmayo,PE,2022-12-31 06:02:59,-7.4006,-79.5714,67.87,84,98,8.3
150,Sola,VU,2022-12-31 06:03:00,-13.8833,167.55,82.65,78,100,18.21
151,Upernavik,GL,2022-12-31 06:03:00,72.7868,-56.1549,-10.88,87,100,2.35
152,Ilulissat,GL,2022-12-31 06:03:01,69.2167,-51.1,6.82,78,100,21.85
153,Madanapalle,IN,2022-12-31 06:03:01,13.55,78.5,78.13,40,4,5.61
154,Morondava,MG,2022-12-31 06:03:01,-20.2833,44.2833,82.15,71,12,2.1
155,Sao Joao Da Barra,BR,2022-12-31 06:02:43,-21.6403,-41.0511,74.01,90,100,5.48
156,Krasnouralsk,RU,2022-12-31 06:03:02,58.3638,60.0407,-10.77,98,100,5.32
157,Bathsheba,BB,2022-12-31 06:03:02,13.2167,-59.5167,76.78,75,8,17.85
158,Codrington,AU,2022-12-31 06:03:03,-38.2667,141.9667,69.73,63,0,13.49
159,Adrar,MR,2022-12-31 06:03:03,20.5022,-10.0711,61.88,57,89,12.53
160,Chokurdakh,RU,2022-12-31 06:03:04,70.6333,147.9167,-34.71,100,67,7.09
161,Imbituba,BR,2022-12-31 06:03:04,-28.24,-48.6703,67.84,87,2,10.69
162,Hamilton,US,2022-12-31 06:02:53,39.1834,-84.5333,56.93,86,100,1.01
163,Azle,US,2022-12-31 06:03:05,32.8951,-97.5459,55.38,72,100,5.01
164,Palmer,US,2022-12-31 06:03:00,42.1584,-72.3287,49.39,87,0,0.0
165,Katobu,ID,2022-12-31 06:03:06,-4.9408,122.5276,87.75,58,100,6.98
166,Purpe,RU,2022-12-31 06:03:06,64.4803,76.6897,-16.69,98,25,9.4
167,Fallon,US,2022-12-31 06:01:42,39.4735,-118.7774,49.44,86,98,25.52
168,Hualmay,PE,2022-12-31 06:03:07,-11.0964,-77.6139,68.5,88,100,7.81
169,Georgetown,MY,2022-12-31 06:00:39,5.4112,100.3354,85.93,54,20,6.91
170,Yei,SS,2022-12-31 06:03:08,4.095,30.6779,75.42,49,90,3.04
171,Broken Hill,AU,2022-12-31 06:03:08,-31.95,141.4333,97.0,22,18,9.13
172,Assenede,BE,2022-12-31 06:03:09,51.226,3.7509,62.1,88,100,15.01
173,Shemgang,BT,2022-12-31 06:03:09,27.2169,90.6579,48.34,55,92,4.59
174,Rio Grande,BR,2022-12-31 06:03:10,-32.035,-52.0986,69.66,85,0,12.75
175,Alofi,NU,2022-12-31 06:03:10,-19.0595,-169.9187,77.94,85,100,12.55
176,Senador Guiomard,BR,2022-12-31 06:03:11,-10.1522,-67.7392,69.8,99,97,2.24
177,Presidencia Roque Saenz Pena,AR,2022-12-31 06:03:11,-26.7852,-60.4388,73.36,48,35,5.79
178,Norman Wells,CA,2022-12-31 06:03:12,65.282,-126.8329,-15.23,98,84,4.07
179,Camocim,BR,2022-12-31 06:03:12,-2.9022,-40.8411,76.44,86,16,9.15
180,Loyga,RU,2022-12-31 06:03:13,61.0784,44.6075,17.89,95,100,7.61
181,Sambava,MG,2022-12-31 06:04:13,-14.2667,50.1667,80.8,67,21,6.22
182,Saint George,US,2022-12-31 06:04:13,37.1041,-113.5841,41.59,93,100,0.0
183,Arraial Do Cabo,BR,2022-12-31 06:03:09,-22.9661,-42.0278,72.28,87,100,15.35
184,Saint Anthony,US,2022-12-31 06:04:14,45.0205,-93.218,19.33,91,100,5.75
185,Vardo,NO,2022-12-31 06:04:14,70.3705,31.1107,28.38,80,100,25.32
186,Te Anau,NZ,2022-12-31 06:01:02,-45.4167,167.7167,70.59,46,39,5.41
187,Jasper,US,2022-12-31 06:01:01,37.2001,-94.3502,42.24,77,100,3.0
188,Bud,US,2022-12-31 06:04:15,39.447,-86.1758,51.82,97,100,4.99
189,Qasigiannguit,GL,2022-12-31 06:04:15,68.8193,-51.1922,7.05,96,100,4.18
190,Robertsport,LR,2022-12-31 06:04:16,6.7533,-11.3686,74.44,78,53,7.29
191,Marzuq,YE,2022-12-31 06:04:17,14.4,46.4667,63.95,37,3,3.78
192,Treinta Y Tres,UY,2022-12-31 06:04:17,-33.2333,-54.3833,66.88,45,1,3.76
193,Carnarvon,AU,2022-12-31 06:04:18,-24.8667,113.6333,81.19,53,0,21.88
194,Rio Cuarto,AR,2022-12-31 06:00:57,-33.1307,-64.3499,72.48,30,14,8.37
195,Marshfield,US,2022-12-31 06:00:03,44.6689,-90.1718,19.31,97,99,1.3
196,Puerto Madryn,AR,2022-12-31 06:04:19,-42.7692,-65.0385,62.46,55,24,12.68
197,Camacupa,AO,2022-12-31 06:04:19,-12.0167,17.4833,61.9,92,90,3.47
198,Kurumkan,RU,2022-12-31 06:04:20,54.3,110.3,-3.89,87,44,1.34
199,Los Llanos De Aridane,ES,2022-12-31 06:04:20,28.6585,-17.9182,65.95,68,0,12.66
200,Grindavik,IS,2022-12-31 06:04:21,63.8424,-22.4338,19.87,86,100,20.71
201,Danielskuil,ZA,2022-12-31 06:00:28,-28.1887,23.5395,71.85,54,33,13.96
202,Onega,RU,2022-12-31 06:04:21,63.9061,38.1404,12.25,94,100,9.82
203,Westport,US,2022-12-31 06:02:41,41.1415,-73.3579,50.18,86,82,1.01
204,Lebu,CL,2022-12-31 06:04:23,-37.6167,-73.65,55.83,91,0,17.07
205,Semey,KZ,2022-12-31 06:04:23,50.4111,80.2275,25.02,80,40,8.95
206,Souillac,MU,2022-12-31 06:04:23,-20.5167,57.5167,82.78,65,40,10.36
207,Ribeira Grande,PT,2022-12-31 06:04:24,38.5167,-28.7,52.77,62,100,5.99
208,Makokou,GA,2022-12-31 06:04:25,0.5738,12.8642,70.77,89,29,1.54
209,Pando,UY,2022-12-31 06:04:25,-34.7167,-55.95,71.19,42,0,5.86
210,Muros,ES,2022-12-31 06:04:25,42.7762,-9.0603,60.1,80,94,32.97
211,Nichinan,JP,2022-12-31 06:04:26,31.6,131.3667,53.31,49,4,12.59
212,Anadyr,RU,2022-12-31 06:04:27,64.75,177.4833,-28.53,95,53,8.28
213,Vao,NC,2022-12-31 06:04:27,-22.6667,167.4833,78.76,80,31,13.87
214,Hobyo,SO,2022-12-31 06:04:27,5.3505,48.5268,79.97,77,85,20.47
215,Dano,BF,2022-12-31 06:04:28,11.15,-3.0667,64.76,23,46,6.29
216,Diban,SY,2022-12-31 06:04:28,35.0365,40.5167,50.16,53,0,4.14
217,Yaan,NG,2022-12-31 06:04:29,7.3833,8.5667,67.53,26,87,6.26
218,San Antero,CO,2022-12-31 06:04:29,9.3741,-75.7589,77.65,85,8,7.67
219,Colombia,CU,2022-12-31 06:01:28,20.9881,-77.4297,70.18,91,0,7.31
220,Cockburn Town,TC,2022-12-31 06:04:13,21.4612,-71.1419,78.19,78,4,20.56
221,Awjilah,LY,2022-12-31 06:04:30,29.1081,21.2869,52.25,75,39,6.49
222,Yelizovo,RU,2022-12-31 06:04:30,53.1873,158.3805,16.38,93,100,5.57
223,Kananga,CD,2022-12-31 06:04:31,-5.8958,22.4178,69.24,89,99,2.19
224,Roebourne,AU,2022-12-31 06:04:31,-20.7833,117.1333,92.57,44,53,13.91
225,Aklavik,CA,2022-12-31 06:04:32,68.2191,-135.0107,-2.04,97,98,7.58
226,Diamantino,BR,2022-12-31 06:04:32,-14.4086,-56.4461,72.28,97,100,3.87
227,Farafangana,MG,2022-12-31 06:04:32,-22.8167,47.8333,80.19,67,1,3.51
228,Andenes,NO,2022-12-31 06:05:33,69.3143,16.1194,39.18,65,75,32.21
229,Terrace,CA,2022-12-31 06:05:33,54.5163,-128.6035,18.37,93,91,2.77
230,Gilgit,PK,2022-12-31 06:05:34,35.9221,74.3087,37.72,48,43,4.25
231,Khatanga,RU,2022-12-31 06:05:34,71.9667,102.5,-3.05,82,100,22.79
232,Labuhan,ID,2022-12-31 06:05:34,-6.8844,112.2051,80.1,84,100,20.22
233,Poum,NC,2022-12-31 06:05:35,-20.2333,164.0167,81.21,78,17,19.13
234,Bitam,GA,2022-12-31 06:05:35,2.076,11.5007,69.08,96,93,0.47
235,Marsa Matruh,EG,2022-12-31 06:05:35,31.3525,27.2453,60.84,77,55,5.12
236,Tucuman,AR,2022-12-31 06:05:36,-26.8241,-65.2226,73.4,88,75,3.44
237,Walvis Bay,NA,2022-12-31 06:05:36,-22.9575,14.5053,67.08,82,8,7.18
238,Mananjary,MG,2022-12-31 06:05:37,-21.2167,48.3333,82.94,60,0,3.42
239,Provideniya,RU,2022-12-31 06:05:37,64.3833,-173.3,-4.34,84,91,12.48
240,Miles City,US,2022-12-31 06:05:38,46.4083,-105.8406,29.37,74,100,5.75
241,Asahikawa,JP,2022-12-31 06:05:38,43.7678,142.3703,28.17,85,92,4.88
242,Bumba,CD,2022-12-31 06:05:38,2.1833,22.4667,76.46,60,52,0.81
243,Takoradi,GH,2022-12-31 06:05:39,4.8845,-1.7554,76.46,86,29,2.75
244,Pudozh,RU,2022-12-31 06:05:39,61.8099,36.5345,24.42,97,100,3.53
245,Shimoda,JP,2022-12-31 06:05:39,34.6667,138.95,47.1,60,58,9.35
246,Saint-Pierre,RE,2022-12-31 06:05:40,-21.3393,55.4781,83.91,65,0,6.91
247,Batsfjord,NO,2022-12-31 06:05:40,70.6345,29.7185,24.73,86,100,29.93
248,Pangnirtung,CA,2022-12-31 06:05:41,66.1451,-65.7125,-11.22,89,100,1.45
249,Mersing,MY,2022-12-31 06:05:41,2.4312,103.8405,82.72,66,99,14.29
250,Ciro Marina,IT,2022-12-31 06:05:41,39.3732,17.126,56.03,63,54,6.53
251,Gorontalo,ID,2022-12-31 06:05:42,0.5412,123.0595,87.44,60,100,7.52
252,Huarmey,PE,2022-12-31 06:05:42,-10.0681,-78.1522,69.31,85,100,7.11
253,Chunhuhub,MX,2022-12-31 06:05:43,19.55,-88.6833,69.46,99,14,1.7
254,Atar,MR,2022-12-31 06:05:43,20.5169,-13.0499,65.93,68,71,7.94
255,Mindyak,RU,2022-12-31 06:05:43,54.0231,58.7891,1.2,98,71,0.38
256,Dikson,RU,2022-12-31 06:05:44,73.5069,80.5464,-5.8,93,67,23.29
257,Luancheng,CN,2022-12-31 06:05:44,37.8792,114.6517,46.65,14,0,4.47
258,Viedma,AR,2022-12-31 06:05:44,-40.8135,-62.9967,61.65,48,34,6.89
259,Mar Del Plata,AR,2022-12-31 06:01:46,-38.0023,-57.5575,63.09,86,54,8.01
260,Arlit,NE,2022-12-31 06:05:45,18.7369,7.3853,55.81,22,9,5.77
261,Havre-Saint-Pierre,CA,2022-12-31 06:05:46,50.2334,-63.5986,31.96,97,100,4.25
262,High Prairie,CA,2022-12-31 06:01:55,55.4334,-116.4858,-2.65,99,52,2.06
263,Iquitos,PE,2022-12-31 06:05:46,-3.7481,-73.2472,75.24,88,75,4.61
264,Vallenar,CL,2022-12-31 06:05:46,-28.5708,-70.7581,61.25,76,0,2.68
265,Fairbanks,US,2022-12-31 06:05:47,64.8378,-147.7164,0.61,82,0,0.0
266,Salalah,OM,2022-12-31 06:05:47,17.0151,54.0924,78.89,31,0,19.57
267,Nalut,LY,2022-12-31 06:05:48,30.3333,10.85,47.79,40,0,8.55
268,Mogadishu,SO,2022-12-31 06:05:13,2.0371,45.3438,80.87,70,21,16.35
269,Itoman,JP,2022-12-31 06:05:48,26.1247,127.6694,66.22,68,75,19.57
270,Urengoy,RU,2022-12-31 06:05:49,65.9667,78.3667,-20.51,89,6,7.47
271,Quatre Cocos,MU,2022-12-31 06:05:49,-20.2078,57.7625,83.08,60,0,5.41
272,Uturoa,PF,2022-12-31 06:05:50,-16.7333,-151.4333,81.21,73,73,11.3
273,Port Lincoln,AU,2022-12-31 06:05:50,-34.7333,135.8667,70.9,57,1,9.73
274,Balikpapan,ID,2022-12-31 06:05:50,-1.2675,116.8289,86.99,62,20,4.61
275,Mokrous,RU,2022-12-31 06:06:51,51.2333,47.5167,32.56,97,100,9.91
276,Maldonado,UY,2022-12-31 06:06:51,-34.6667,-54.9167,76.23,48,0,8.3
277,Inhambane,MZ,2022-12-31 06:06:52,-23.865,35.3833,81.07,56,77,10.11
278,Sisimiut,GL,2022-12-31 06:06:52,66.9395,-53.6735,4.01,79,100,9.66
279,Hami,CN,2022-12-31 06:06:52,42.8,93.45,23.74,39,100,3.04
280,Cancun,MX,2022-12-31 06:05:44,21.1743,-86.8466,77.05,94,40,4.61
281,Kaitangata,NZ,2022-12-31 06:06:53,-46.2817,169.8464,56.52,66,74,7.36
282,Iranshahr,IR,2022-12-31 06:06:53,27.2025,60.6848,55.74,54,0,4.61
283,Samarai,PG,2022-12-31 06:06:54,-10.6167,150.6667,83.95,71,100,5.73
284,Wajid,SO,2022-12-31 06:06:54,3.8093,43.2471,81.37,52,19,21.39
285,Ukiah,US,2022-12-31 06:06:54,39.1502,-123.2078,58.93,95,75,0.0
286,Pontianak,ID,2022-12-31 06:06:55,-0.0333,109.3333,89.58,52,20,13.8
287,Tigil,RU,2022-12-31 06:06:56,57.8,158.6667,4.03,98,99,0.98
288,Ancud,CL,2022-12-31 06:06:56,-41.8697,-73.8203,52.02,92,14,3.4
289,Namwala,ZM,2022-12-31 06:06:56,-15.7504,26.4384,68.16,85,100,8.34
290,Bartica,GY,2022-12-31 06:06:57,6.4,-58.6167,70.88,100,70,0.74
291,Lentvaris,LT,2022-12-31 06:06:57,54.65,25.05,35.89,94,0,13.8
292,Endicott,US,2022-12-31 06:06:58,42.0984,-76.0494,43.88,88,100,1.99
293,Robat Karim,IR,2022-12-31 06:06:58,35.4846,51.0829,40.86,74,0,6.91
294,Necochea,AR,2022-12-31 06:06:58,-38.5473,-58.7368,59.49,78,22,7.43
295,Kurchum,KZ,2022-12-31 06:06:59,48.5722,83.6542,15.26,92,99,0.6
296,Bilibino,RU,2022-12-31 06:06:59,68.0546,166.4372,-32.19,98,9,3.85
297,Vila Franca Do Campo,PT,2022-12-31 06:07:00,37.7167,-25.4333,54.01,76,91,17.43
298,Vanavara,RU,2022-12-31 06:07:00,60.34,102.2797,-19.7,95,96,3.04
299,Kirakira,SB,2022-12-31 06:07:00,-10.4544,161.9205,84.02,76,90,7.09
300,Puerto Escondido,MX,2022-12-31 06:07:01,15.85,-97.0667,74.23,78,0,8.05
301,Makakilo City,US,2022-12-31 06:07:01,21.3469,-158.0858,74.44,68,100,13.8
302,Henties Bay,NA,2022-12-31 06:07:01,-22.116,14.2845,66.09,82,23,7.09
303,Matagami,CA,2022-12-31 06:07:02,49.7502,-77.6328,32.11,93,100,6.91
304,Tarakan,ID,2022-12-31 06:07:02,3.3,117.6333,85.5,66,20,6.91
305,Constitucion,CL,2022-12-31 06:07:03,-35.3333,-72.4167,56.77,95,7,5.79
306,Itarema,BR,2022-12-31 06:07:03,-2.9248,-39.9167,78.46,77,46,11.86
307,Dmitriyevka,RU,2022-12-31 06:07:04,54.75,55.3333,8.15,100,100,4.36
308,Paraiso,CR,2022-12-31 06:07:04,9.8383,-83.8656,64.89,95,65,3.2
309,Alta Floresta,BR,2022-12-31 06:07:04,-9.8756,-56.0861,69.82,97,89,2.91
310,Qui Nhon,VN,2022-12-31 06:07:05,13.7667,109.2333,72.27,79,99,22.3
311,Biak,ID,2022-12-31 06:07:05,-0.9131,122.8766,86.32,60,100,9.44
312,Benguela,AO,2022-12-31 06:07:05,-12.5763,13.4055,78.19,75,91,1.63
313,Tongren,CN,2022-12-31 06:07:06,27.7172,109.1853,42.64,66,100,1.3
314,Bonthe,SL,2022-12-31 06:07:06,7.5264,-12.505,74.16,84,92,4.38
315,Phultala,BD,2022-12-31 06:07:07,22.7,89.5167,78.04,26,1,3.58
316,San Patricio,US,2022-12-31 06:07:07,28.017,-97.5169,58.86,65,19,5.06
317,Ryotsu,JP,2022-12-31 06:07:07,38.0833,138.4333,43.0,63,89,8.43
318,North Vanlaiphai,IN,2022-12-31 06:07:08,23.1333,93.0667,65.32,25,1,4.03
319,Cherskiy,RU,2022-12-31 06:07:08,68.75,161.3,-45.11,100,62,1.66
320,Bubaque,GW,2022-12-31 06:07:09,11.2833,-15.8333,79.02,59,100,13.22
321,Longyearbyen,SJ,2022-12-31 06:08:09,78.2186,15.6401,31.84,80,75,25.32
322,Fethiye,TR,2022-12-31 06:06:10,36.6217,29.1164,48.07,67,8,4.74
323,Agadez,NE,2022-12-31 06:08:10,19.75,10.25,49.69,38,28,9.13
324,Kadaya,RU,2022-12-31 06:08:10,50.9327,119.2911,-12.15,95,39,1.45
325,Nipawin,CA,2022-12-31 06:08:10,53.3668,-104.0009,-8.64,100,71,3.83
326,Vysokogornyy,RU,2022-12-31 06:08:11,50.1167,139.15,6.13,91,99,7.18
327,Kendari,ID,2022-12-31 06:08:11,-3.945,122.4989,83.82,74,100,5.57
328,Monrovia,LR,2022-12-31 06:08:12,6.3005,-10.7969,73.67,89,84,5.37
329,San Andres,CO,2022-12-31 06:08:12,12.5847,-81.7006,80.62,78,20,11.5
330,Pindi Gheb,PK,2022-12-31 06:08:12,33.2402,72.2661,58.86,31,13,3.0
331,Boke,GN,2022-12-31 06:08:13,10.9409,-14.2967,73.65,26,97,4.7
332,Rio Gallegos,AR,2022-12-31 06:08:13,-51.6226,-69.2181,46.45,66,0,4.61
333,Kysyl-Syr,RU,2022-12-31 06:08:14,63.8986,122.7617,-0.35,94,100,8.34
334,Araouane,ML,2022-12-31 06:08:14,18.9048,-3.5265,64.29,20,90,11.27
335,Mana,GF,2022-12-31 06:08:15,5.6592,-53.7767,75.88,90,83,9.01
336,Pevek,RU,2022-12-31 06:08:15,69.7008,170.3133,-37.26,99,84,4.68
337,Goksun,TR,2022-12-31 06:08:16,38.021,36.4973,33.39,60,0,4.14
338,Guilin,CN,2022-12-31 06:08:16,25.2819,110.2864,57.63,45,76,6.69
339,Emba,KZ,2022-12-31 06:08:16,48.8264,58.1442,25.39,96,98,12.41
340,Berbera,SO,2022-12-31 06:08:17,10.4396,45.0143,79.84,72,50,11.61
341,Adre,TD,2022-12-31 06:08:17,13.4667,22.2,58.69,29,53,12.53
342,Namibe,AO,2022-12-31 06:08:17,-15.1961,12.1522,73.56,82,100,4.36
343,Longyan,CN,2022-12-31 06:08:18,25.1072,117.0225,63.23,53,13,3.31
344,Chute-Aux-Outardes,CA,2022-12-31 06:08:18,49.1168,-68.399,31.98,100,100,2.3
345,Asau,RO,2022-12-31 06:08:19,46.4333,26.4,31.12,92,77,5.73
346,Faya,SA,2022-12-31 06:08:19,18.3851,42.4509,57.72,56,14,6.93
347,Jambi,ID,2022-12-31 06:05:20,-1.6,103.6167,83.73,67,96,6.91
348,Ust-Tsilma,RU,2022-12-31 06:08:20,65.441,52.1498,0.73,94,55,8.39
349,Sijunjung,ID,2022-12-31 06:08:20,-0.6876,100.9537,86.02,53,100,2.89
350,Esil,KZ,2022-12-31 06:08:20,51.9556,66.4042,14.76,96,100,8.08
351,Dicamay,PH,2022-12-31 06:08:21,16.7561,122.0037,72.0,96,99,0.43
352,Vawkavysk,BY,2022-12-31 06:08:21,53.1561,24.4513,37.92,91,95,16.33
353,Gizo,SB,2022-12-31 06:08:22,-8.103,156.8419,85.64,66,90,9.98
354,Carnot,CF,2022-12-31 06:08:22,4.9409,15.8665,67.59,36,56,3.11
355,Banda Aceh,ID,2022-12-31 06:08:23,5.5577,95.3222,81.64,66,98,12.5
356,Havoysund,NO,2022-12-31 06:08:23,70.9963,24.6622,30.43,76,29,25.1
357,Chitral,PK,2022-12-31 06:08:23,35.8462,71.7858,38.98,33,0,8.68
358,Sao Jose Da Coroa Grande,BR,2022-12-31 06:08:24,-8.8978,-35.1478,76.66,82,73,5.57
359,Bandarbeyla,SO,2022-12-31 06:08:24,9.4942,50.8122,77.11,86,100,19.6
360,Manavalakurichi,IN,2022-12-31 06:08:24,8.1333,77.3,85.08,52,61,2.84
361,Tual,ID,2022-12-31 06:08:25,-5.6667,132.75,80.31,83,100,26.28
362,Honiara,SB,2022-12-31 06:08:25,-9.4333,159.95,84.4,68,94,5.23
363,Demak,ID,2022-12-31 06:08:26,-6.8909,110.6396,75.16,82,100,21.61
364,Esperance,AU,2022-12-31 06:08:26,-33.8667,121.9,70.77,72,71,22.62
365,Beaufort,MY,2022-12-31 06:05:17,5.3473,115.7455,85.82,60,100,3.15
366,Saint-Augustin,CA,2022-12-31 06:08:27,51.226,-58.6502,32.47,99,100,14.07
367,Mountain Home,US,2022-12-31 06:08:27,43.133,-115.6912,35.15,96,100,18.41
368,Khor,RU,2022-12-31 06:08:27,47.8861,134.9464,8.89,87,34,8.28
369,Nizwa,OM,2022-12-31 06:08:28,22.9333,57.5333,70.72,38,1,3.51
370,Lasa,IT,2022-12-31 06:09:28,46.6166,10.7002,34.36,74,87,2.04
371,Madaba,JO,2022-12-31 06:09:13,31.5833,35.6667,49.69,64,3,10.87
372,Chumayel,MX,2022-12-31 06:09:29,20.4333,-89.3167,71.65,93,4,4.81
373,Plettenberg Bay,ZA,2022-12-31 06:09:29,-34.0527,23.3716,66.83,60,0,3.74
374,Kaoma,ZM,2022-12-31 06:09:30,-14.7833,24.8,64.83,93,100,7.36
375,Vagur,FO,2022-12-31 06:09:30,61.4732,-6.8119,32.0,58,100,24.96
376,Pocao De Pedras,BR,2022-12-31 06:09:30,-4.6667,-44.85,72.09,98,42,2.21
377,Tamsweg,AT,2022-12-31 06:09:31,47.1281,13.811,41.68,92,97,2.13
378,Truth Or Consequences,US,2022-12-31 06:09:31,33.1284,-107.2528,47.16,68,0,8.05
379,Odweyne,SO,2022-12-31 06:09:31,9.4092,45.064,71.64,55,69,3.8
380,Morro Bay,US,2022-12-31 06:09:32,35.3658,-120.8499,59.88,97,100,1.99
381,Jibuti,DJ,2022-12-31 06:09:32,11.5,42.5,72.46,72,77,15.84
382,Balabac,PH,2022-12-31 06:09:33,7.9868,117.0645,82.56,72,87,7.25
383,Alexandria,EG,2022-12-31 06:08:45,31.2156,29.9553,63.03,63,0,10.33
384,Portland,US,2022-12-31 06:09:33,45.5234,-122.6762,46.83,95,100,8.05
385,Garden City,US,2022-12-31 06:09:34,42.3256,-83.331,46.92,97,100,0.0
386,Bradut,RO,2022-12-31 06:09:34,46.1333,25.6167,42.98,95,78,1.41
387,Gornyak,RU,2022-12-31 06:09:34,50.9942,81.4661,21.79,89,100,14.36
388,San Cristobal,VE,2022-12-31 06:06:24,7.7669,-72.225,63.07,79,21,1.79
389,Ponta Delgada,PT,2022-12-31 06:09:35,37.7333,-25.6667,54.32,82,75,12.66
390,Vestmannaeyjar,IS,2022-12-31 06:09:35,63.4427,-20.2734,30.31,90,92,21.36
391,Mayo,US,2022-12-31 06:09:36,38.8876,-76.5119,53.13,94,40,3.44
392,Adeje,ES,2022-12-31 06:09:36,28.1227,-16.726,70.32,64,40,11.5
393,Flinders,AU,2022-12-31 06:09:36,-34.5833,150.8552,78.19,75,75,5.01
394,Sarangani,PH,2022-12-31 06:09:37,5.4033,125.4636,82.35,76,100,12.24
395,Tura,IN,2022-12-31 06:09:37,25.5198,90.2201,70.74,37,0,3.13
396,Kathu,TH,2022-12-31 06:09:37,7.9178,98.3332,87.62,86,58,2.26
397,Palotina,BR,2022-12-31 06:09:38,-24.2839,-53.84,70.11,84,43,6.44
398,Guarapari,BR,2022-12-31 06:04:40,-20.6667,-40.4975,74.89,91,95,4.99
399,Poroshkovo,UA,2022-12-31 06:09:38,48.6683,22.7533,41.9,99,100,4.65
400,Nouadhibou,MR,2022-12-31 06:09:39,20.931,-17.0347,67.59,74,72,12.08
401,Simi Valley,US,2022-12-31 06:09:02,34.2695,-118.7815,57.27,91,97,1.01
402,Matamoros,MX,2022-12-31 06:09:40,25.5333,-103.25,52.47,44,1,2.68
403,Mackay,AU,2022-12-31 06:09:40,-21.15,149.2,83.68,77,66,18.63
404,Wahpeton,US,2022-12-31 06:09:40,46.2652,-96.6059,20.12,100,100,13.8
405,Bangassou,CF,2022-12-31 06:09:41,4.7413,22.8184,75.09,44,89,3.36
406,Alice Springs,AU,2022-12-31 06:08:37,-23.7,133.8833,96.35,28,82,18.41
407,Egvekinot,RU,2022-12-31 06:09:41,66.3167,-179.1667,-17.12,87,95,11.63
408,Lethem,GY,2022-12-31 06:09:42,3.3803,-59.7968,74.25,89,87,8.05
409,Yumen,CN,2022-12-31 06:09:42,40.2833,97.2,20.37,45,44,15.86
410,Salinopolis,BR,2022-12-31 06:09:42,-0.6136,-47.3561,78.03,83,91,6.82
411,Lompoc,US,2022-12-31 06:09:08,34.6391,-120.4579,59.77,97,100,3.44
412,Sorochinsk,RU,2022-12-31 06:09:43,52.4338,53.1583,17.38,97,93,4.94
413,Yamada,JP,2022-12-31 06:09:43,39.4667,141.95,40.33,55,53,3.18
414,Kruisfontein,ZA,2022-12-31 06:09:44,-34.0033,24.7314,66.88,60,0,10.63
415,Plyussa,RU,2022-12-31 06:09:44,58.4308,29.3654,34.18,94,100,7.38
416,Nuuk,GL,2022-12-31 06:08:28,64.1835,-51.7216,0.55,77,9,9.26
417,Acapulco,MX,2022-12-31 06:07:44,16.8634,-99.8901,76.82,78,100,0.0
418,Eidfjord,NO,2022-12-31 06:09:45,60.4675,7.0719,34.65,95,88,6.76
419,Ndele,CF,2022-12-31 06:10:46,8.4109,20.6473,70.02,35,26,3.56
420,Wani,IN,2022-12-31 06:10:46,20.0667,78.95,82.08,31,0,5.35
421,Lanzhou,CN,2022-12-31 06:10:47,36.0564,103.7922,33.1,21,92,2.37
422,Comodoro Rivadavia,AR,2022-12-31 06:10:47,-45.8667,-67.5,64.26,42,0,19.57
423,Platanos,GR,2022-12-31 06:10:48,37.6667,21.6167,50.09,83,6,4.47
424,Le Lorrain,MQ,2022-12-31 06:10:48,14.8329,-61.0567,76.95,79,18,14.61
425,Rancho Palos Verdes,US,2022-12-31 06:10:48,33.7445,-118.387,58.46,95,99,1.99
426,Klaksvik,FO,2022-12-31 06:10:49,62.2266,-6.589,25.72,64,98,27.74
427,Richards Bay,ZA,2022-12-31 06:07:28,-28.783,32.0377,70.65,71,100,8.59
428,Saint-Joseph,RE,2022-12-31 06:10:49,-21.3667,55.6167,81.1,75,30,1.77
429,Husavik,IS,2022-12-31 06:10:50,66.0449,-17.3389,9.05,91,100,7.36
430,Pangai,TO,2022-12-31 06:10:50,-19.8,-174.35,80.29,78,100,7.29
431,Dingle,PH,2022-12-31 06:10:51,10.9995,122.6711,83.57,75,100,9.04
432,Praia,CV,2022-12-31 06:10:51,14.9215,-23.5087,70.27,65,15,6.22
433,Verkh-Usugli,RU,2022-12-31 06:10:52,52.7,115.1667,2.35,59,2,5.75
434,Beringovskiy,RU,2022-12-31 06:10:52,63.05,179.3167,-10.55,92,100,16.42
435,Sistranda,NO,2022-12-31 06:10:52,63.7256,8.834,42.76,85,89,31.27
436,Rincon,US,2022-12-31 06:10:53,32.296,-81.2354,59.85,96,100,0.0
437,Rocha,UY,2022-12-31 06:07:08,-34.4833,-54.3333,64.51,71,0,8.57
438,Yerbogachen,RU,2022-12-31 06:10:53,61.2767,108.0108,-1.91,88,100,6.93
439,Harsin,IR,2022-12-31 06:10:54,34.2721,47.5861,29.21,53,0,3.56
440,Vytegra,RU,2022-12-31 06:10:54,61.0064,36.4481,32.05,99,100,4.61
441,Mursan,IN,2022-12-31 06:10:54,27.5833,77.9333,66.07,43,0,7.78
442,Clonakilty,IE,2022-12-31 06:10:55,51.6231,-8.8706,47.41,93,100,4.83
443,Port Hawkesbury,CA,2022-12-31 06:10:55,45.6169,-61.3485,42.19,96,100,4.0
444,Chapais,CA,2022-12-31 06:10:56,49.7834,-74.8492,32.67,97,100,8.39
445,Dangriga,BZ,2022-12-31 06:10:56,16.9692,-88.2321,77.97,86,22,6.89
446,Zalantun,CN,2022-12-31 06:10:57,48.0,122.7167,14.13,53,0,18.59
447,Si Sa Ket,TH,2022-12-31 06:10:57,14.8333,104.3333,80.85,44,83,8.84
448,Kiryu,JP,2022-12-31 06:09:14,36.4,139.3333,50.14,40,8,1.12
449,Barranco,PA,2022-12-31 06:10:57,9.5167,-82.7,71.91,92,11,2.86
450,Oktyabrskoye,RU,2022-12-31 06:10:58,43.0645,44.7417,26.74,80,19,2.24
451,Khvastovichi,RU,2022-12-31 06:10:58,53.4694,35.0941,34.41,89,100,11.92
452,Shu,KZ,2022-12-31 06:10:59,43.5983,73.7614,34.16,81,100,3.4
453,Pringsewu,ID,2022-12-31 06:10:59,-5.3582,104.9744,85.77,68,77,1.28
454,Bulgan,MN,2022-12-31 06:10:59,48.8125,103.5347,4.37,83,48,0.45
455,Nekhayevskiy,RU,2022-12-31 06:11:00,50.4106,41.7561,36.73,99,100,14.32
456,Mandalgovi,MN,2022-12-31 06:11:00,45.7625,106.2708,12.2,66,97,9.75
457,Tenenkou,ML,2022-12-31 06:11:00,14.4572,-4.9169,68.27,12,98,10.83
458,Palmares Do Sul,BR,2022-12-31 06:10:27,-30.2578,-50.5097,68.68,94,0,7.29
459,Santa Luzia,BR,2022-12-31 06:11:01,-19.7697,-43.8514,67.1,97,98,4.03
460,Misratah,LY,2022-12-31 06:11:01,32.3754,15.0925,60.89,57,0,5.1
461,Baiquan,CN,2022-12-31 06:11:02,47.5833,126.0833,8.51,84,10,12.59
462,Ojinaga,MX,2022-12-31 06:11:02,29.5667,-104.4167,51.42,49,2,2.26
463,Flin Flon,CA,2022-12-31 06:11:05,54.7682,-101.865,-7.92,98,28,5.5
464,Kochki,RU,2022-12-31 06:11:05,54.3358,80.4806,8.6,95,100,5.23
465,Kavaratti,IN,2022-12-31 06:11:06,10.5669,72.642,81.18,70,1,5.01
466,Cananeia,BR,2022-12-31 06:12:06,-25.0147,-47.9267,68.68,91,23,2.01
467,Zhigansk,RU,2022-12-31 06:12:07,66.7697,123.3711,-9.29,98,98,7.63
468,Tarko-Sale,RU,2022-12-31 06:12:07,64.9225,77.785,-18.15,94,9,9.53
469,Tsiroanomandidy,MG,2022-12-31 06:12:08,-18.7667,46.0333,77.56,68,35,2.48
470,Gacko,BA,2022-12-31 06:12:08,43.1672,18.5353,38.66,91,22,2.3
471,Ronne,DK,2022-12-31 06:12:09,55.1009,14.7066,46.31,93,100,17.27
472,Olafsvik,IS,2022-12-31 06:12:09,64.8945,-23.7142,25.57,88,97,13.2
473,Nome,US,2022-12-31 06:12:10,64.5011,-165.4064,12.27,79,0,16.11
474,Denpasar,ID,2022-12-31 06:11:05,-8.65,115.2167,91.06,62,20,11.5
475,Ekhabi,RU,2022-12-31 06:12:10,53.5102,142.9671,4.86,94,100,11.01
476,Broome,US,2022-12-31 06:12:11,42.2506,-75.833,43.54,91,100,1.99
477,Atherton,GB,2022-12-31 06:12:11,53.5237,-2.4935,48.74,96,100,2.13
478,Leshan,CN,2022-12-31 06:12:12,29.5623,103.7639,51.28,62,99,2.06
479,Vicksburg,US,2022-12-31 06:12:12,32.3526,-90.8779,57.43,100,100,0.0
480,Evensk,RU,2022-12-31 06:12:12,61.95,159.2333,-9.6,76,69,7.52
481,Tromso,NO,2022-12-31 06:12:13,69.6496,18.957,35.62,60,0,12.66
482,Berdigestyakh,RU,2022-12-31 06:12:13,62.0989,126.6992,-15.05,97,100,6.11
483,Nchelenge,ZM,2022-12-31 06:12:14,-9.3451,28.734,67.86,88,100,3.96
484,Jega,NG,2022-12-31 06:12:14,12.2175,4.3792,57.61,18,4,11.23
485,Dandong,CN,2022-12-31 06:12:15,40.1292,124.3947,26.17,72,6,1.5
486,Banfora,BF,2022-12-31 06:12:15,10.6333,-4.7667,65.84,24,46,5.28
487,Hasaki,JP,2022-12-31 06:12:16,35.7333,140.8333,49.21,63,100,3.83
488,Lysva,RU,2022-12-31 06:12:16,58.1086,57.8053,-5.33,92,37,8.99
489,Jalu,LY,2022-12-31 06:12:17,29.0331,21.5482,52.18,78,23,6.89
490,Nosy Varika,MG,2022-12-31 06:12:18,-20.5833,48.5333,81.34,62,0,4.05
491,Panevezys,LT,2022-12-31 06:12:18,55.7333,24.35,37.99,84,100,16.06
492,Tiksi,RU,2022-12-31 06:12:19,71.6872,128.8694,1.06,93,100,15.46
493,Unidos,PH,2022-12-31 06:12:19,8.5942,123.668,82.17,79,97,7.02
494,Senanga,ZM,2022-12-31 06:12:20,-16.1167,23.2667,69.03,84,100,5.14
495,Mangrol,IN,2022-12-31 06:12:20,21.1167,70.1167,77.34,36,0,11.77
496,Wad Madani,SD,2022-12-31 06:12:20,14.4012,33.5199,71.87,25,1,14.0
497,Bowmore,US,2022-12-31 06:12:21,34.9421,-79.3031,55.87,86,0,0.0
498,Deputatskiy,RU,2022-12-31 06:12:21,69.3,139.9,-31.83,97,46,6.62
499,Beyneu,KZ,2022-12-31 06:12:22,45.3167,55.2,33.73,77,53,9.28
500,Marmaris,TR,2022-12-31 06:12:22,36.855,28.2742,48.15,72,58,2.04
501,Dondo,MZ,2022-12-31 06:12:23,-19.6094,34.7431,76.23,82,42,8.93
502,Pasighat,IN,2022-12-31 06:08:18,28.0667,95.3333,69.73,46,96,3.94
503,Bantry,IE,2022-12-31 06:12:24,51.6833,-9.45,47.79,94,100,2.73
504,Belmonte,BR,2022-12-31 06:12:24,-15.8631,-38.8828,74.59,88,40,2.71
505,Namatanai,PG,2022-12-31 06:12:25,-3.6667,152.4333,83.86,68,91,6.17
506,Praia Da Vitoria,PT,2022-12-31 06:12:25,38.7333,-27.0667,49.75,80,92,20.98
507,Mount Isa,AU,2022-12-31 06:12:26,-20.7333,139.5,92.97,36,79,12.66
508,Ahipara,NZ,2022-12-31 06:12:26,-35.1667,173.1667,68.29,81,100,7.94
509,Wagar,SD,2022-12-31 06:12:26,16.1525,36.2032,73.02,72,22,9.44
510,Ejido,VE,2022-12-31 06:12:27,8.5514,-71.2375,62.37,90,34,4.81
511,Ketchikan,US,2022-12-31 06:12:27,55.3422,-131.6461,35.58,100,100,4.61
512,Cayenne,GF,2022-12-31 06:12:28,4.9333,-52.3333,75.24,94,75,3.44
513,The Pas,CA,2022-12-31 06:12:28,53.8251,-101.2541,-2.06,97,61,7.36
514,Rovaniemi,FI,2022-12-31 06:10:59,66.5,25.7167,27.81,100,100,12.66
515,Cheney,US,2022-12-31 06:13:29,47.4874,-117.5758,34.18,96,100,2.55
516,Sosnovo-Ozerskoye,RU,2022-12-31 06:13:29,52.5249,111.5418,1.13,75,49,12.08
517,Mecca,SA,2022-12-31 06:12:07,21.4267,39.8261,72.01,58,71,2.98
518,Barreirinhas,BR,2022-12-31 06:13:30,-2.7469,-42.8264,74.93,94,46,4.83
519,Lodja,CD,2022-12-31 06:13:30,-3.4833,23.4333,70.03,97,100,1.97
520,Aguimes,ES,2022-12-31 06:13:31,27.9054,-15.4461,65.66,63,0,9.22
521,Domoni,KM,2022-12-31 06:13:31,-12.2569,44.5319,81.95,74,87,2.44
522,Khryashchevka,RU,2022-12-31 06:13:32,53.8119,49.0916,24.6,96,100,8.93
523,Port Macquarie,AU,2022-12-31 06:13:32,-31.4333,152.9167,75.88,69,30,10.18
524,Oyonnax,FR,2022-12-31 06:13:33,46.2592,5.6573,53.06,91,98,5.53
525,Urusha,RU,2022-12-31 06:13:33,54.05,122.9,-1.46,65,55,8.41
526,Bairiki,KI,2022-12-31 06:13:34,1.3292,172.9752,84.2,79,75,10.36
527,Cloquet,US,2022-12-31 06:13:34,46.7216,-92.4594,16.48,92,100,0.0
528,Acari,PE,2022-12-31 06:13:34,-15.4311,-74.6158,70.45,87,99,1.74
529,Manggar,ID,2022-12-31 06:13:35,-2.8833,108.2667,82.76,74,92,18.32
530,Yala,TH,2022-12-31 06:13:35,6.3333,101.25,84.94,54,97,6.38
531,Narsaq,GL,2022-12-31 06:13:36,60.9167,-46.05,1.62,66,0,7.43
532,Gummidipundi,IN,2022-12-31 06:13:36,13.4,80.15,84.2,58,7,2.48
533,Koumac,NC,2022-12-31 06:13:36,-20.5667,164.2833,81.12,77,39,14.56
534,Srandakan,ID,2022-12-31 06:13:37,-7.9386,110.2506,82.96,73,55,5.35
535,Ust-Maya,RU,2022-12-31 06:13:37,60.4167,134.5333,-19.55,96,100,4.43
536,Winneba,GH,2022-12-31 06:13:38,5.3511,-0.6231,73.45,88,50,4.32
537,Verkhoyansk,RU,2022-12-31 06:13:38,67.5447,133.385,-28.55,97,92,2.82
538,Tolaga Bay,NZ,2022-12-31 06:13:39,-38.3667,178.3,61.86,75,73,14.54
539,Casa Nova,BR,2022-12-31 06:13:39,-9.4167,-41.1333,75.51,65,27,16.58
540,Waterlooville,GB,2022-12-31 06:13:39,50.8807,-1.0304,57.4,93,100,21.99
541,Iberia,US,2022-12-31 06:13:40,29.9502,-91.7507,61.97,94,100,3.44
542,Syamzha,RU,2022-12-31 06:13:40,60.0158,41.0614,20.73,97,100,3.49
543,Kaeo,NZ,2022-12-31 06:13:41,-35.1,173.7833,73.33,73,100,10.98
544,Preobrazheniye,RU,2022-12-31 06:13:41,42.9019,133.9064,31.42,51,0,13.04
545,Kohlu,PK,2022-12-31 06:13:42,29.8962,69.252,53.02,22,73,4.07
546,Hoquiam,US,2022-12-31 06:13:42,46.9809,-123.8893,48.29,93,70,1.99
547,Gamba,GA,2022-12-31 06:13:43,-2.65,10.0,76.75,90,94,3.09
548,Gueret,FR,2022-12-31 06:13:43,46.1667,1.8667,53.82,75,100,10.54
549,Plouzane,FR,2022-12-31 06:13:44,48.3833,-4.6167,57.52,100,100,27.63
550,Waingapu,ID,2022-12-31 06:13:44,-9.6567,120.2641,86.61,64,99,19.13
551,Pontal Do Parana,BR,2022-12-31 06:13:45,-25.6533,-48.5128,66.11,90,9,3.22
552,Vydrino,RU,2022-12-31 06:13:45,51.485,104.8461,13.01,86,100,6.89
553,North Bend,US,2022-12-31 06:13:46,43.4065,-124.2243,48.92,100,100,5.75
554,Alyangula,AU,2022-12-31 06:13:46,-13.8483,136.4192,84.76,73,99,18.37
555,Thunder Bay,CA,2022-12-31 06:09:48,48.4001,-89.3168,2.66,97,21,3.94
556,Tessalit,ML,2022-12-31 06:13:47,20.1986,1.0114,58.66,12,83,10.58
557,Strelka,RU,2022-12-31 06:13:47,58.0728,93.0344,-9.2,90,100,10.25
558,Port Blair,IN,2022-12-31 06:13:48,11.6667,92.75,84.24,65,20,10.36
559,Kamaishi,JP,2022-12-31 06:14:48,39.2667,141.8833,40.48,61,66,11.01
560,Korla,CN,2022-12-31 06:14:48,41.7597,86.1469,28.54,35,14,5.97
561,Tombouctou,ML,2022-12-31 06:14:49,20.0,-3.0,63.34,25,89,13.47
